-- ================================================================
-- EXPORTACIÓN DE DATOS DE DESARROLLO - CHARTERLY APP
-- Fecha: 2025-09-12
-- ================================================================

-- 1. USUARIOS (15 usuarios)
INSERT INTO users (id, email, password, first_name, last_name, profile_image_url, role, stripe_customer_id, stripe_subscription_id, created_at, updated_at) VALUES ('captain_1757105080395_4', 'captain.lopez@example.com', '$2b$10$bbh0Wlgxa3a8ixO7FcQCmetQVpgGKwObZO/PUkgrwAOjreP8thuRK', 'Maria', 'Lopez', NULL, 'captain', NULL, NULL, '2025-09-05 20:44:40.451956', '2025-09-05 20:44:40.451956');
INSERT INTO users (id, email, password, first_name, last_name, profile_image_url, role, stripe_customer_id, stripe_subscription_id, created_at, updated_at) VALUES ('captain_1757105080395_1', 'captain.rodriguez@example.com', '$2b$10$tmBR61xGTcwPXxMm/nT9D.mMYWErq9s4P/NVrQvnmMtl36ZYEQVRi', 'Carlos', 'Rodriguez', NULL, 'captain', NULL, NULL, '2025-09-05 20:44:40.451956', '2025-09-05 20:44:40.451956');
INSERT INTO users (id, email, password, first_name, last_name, profile_image_url, role, stripe_customer_id, stripe_subscription_id, created_at, updated_at) VALUES ('captain_1757105080395_2', 'captain.martinez@example.com', '$2b$10$RwMXrooJwgtuMh5RtaeUV.uynRLVHtk1bIb3f27hldbjdkAgAPM0.', 'Ana', 'Martinez', NULL, 'captain', NULL, NULL, '2025-09-05 20:44:40.451956', '2025-09-05 20:44:40.451956');
INSERT INTO users (id, email, password, first_name, last_name, profile_image_url, role, stripe_customer_id, stripe_subscription_id, created_at, updated_at) VALUES ('captain_1757105080395_3', 'captain.garcia@example.com', '$2b$10$RsWF2eKxzY.Rs25aSLa6DOYYMB3t4YbPdSK9266WEDRwK7PF4E9di', 'Diego', 'Garcia', NULL, 'captain', NULL, NULL, '2025-09-05 20:44:40.451956', '2025-09-05 20:44:40.451956');
INSERT INTO users (id, email, password, first_name, last_name, profile_image_url, role, stripe_customer_id, stripe_subscription_id, created_at, updated_at) VALUES ('user_1757105080395_1', 'john.doe@example.com', '$2b$10$Ue57JkS.tN0n84YQyvXI4OrSyqdclbPIkGW41/7KFqkILY5ykqzsi', 'John', 'Doe', NULL, 'user', NULL, NULL, '2025-09-05 20:44:40.451956', '2025-09-05 20:44:40.451956');
INSERT INTO users (id, email, password, first_name, last_name, profile_image_url, role, stripe_customer_id, stripe_subscription_id, created_at, updated_at) VALUES ('user_1757105080395_2', 'sarah.wilson@example.com', '$2b$10$KVXKJishPbGgLdBKjHRf1eW/hLWAILYVZf6ZwuNRRWIfuGHXo5XMO', 'Sarah', 'Wilson', NULL, 'user', NULL, NULL, '2025-09-05 20:44:40.451956', '2025-09-05 20:44:40.451956');
INSERT INTO users (id, email, password, first_name, last_name, profile_image_url, role, stripe_customer_id, stripe_subscription_id, created_at, updated_at) VALUES ('user_1757105080395_3', 'mike.johnson@example.com', '$2b$10$L9UQygk5ixHczHv0ndXVB.HSzbSKKJ7LpAsYt3Yh.gs8IYZzUNYru', 'Mike', 'Johnson', NULL, 'user', NULL, NULL, '2025-09-05 20:44:40.451956', '2025-09-05 20:44:40.451956');
INSERT INTO users (id, email, password, first_name, last_name, profile_image_url, role, stripe_customer_id, stripe_subscription_id, created_at, updated_at) VALUES ('captain_1757107047010_q9gj974xg', 'captain1@example.com', '$2b$10$nYigqF1FLbqDaN6NYLqCu.lwsFxWDcD.3KIykhTD91YfZ465yoQOK', 'Carlos', 'Martinez', NULL, 'captain', NULL, NULL, '2025-09-05 21:17:27.564899', '2025-09-05 21:17:27.564899');
INSERT INTO users (id, email, password, first_name, last_name, profile_image_url, role, stripe_customer_id, stripe_subscription_id, created_at, updated_at) VALUES ('local_1757363183634_26skdo0', 'cristophercaptain@gmail.com', '$2b$10$iDsDc9TVpOfVY1KbD9DjBepGugL1I8jrmohKCxNcfsB4pIwc..AwW', 'cristopher', 'baez', NULL, 'captain', NULL, NULL, '2025-09-08 20:26:23.701653', '2025-09-08 20:26:23.701653');
INSERT INTO users (id, email, password, first_name, last_name, profile_image_url, role, stripe_customer_id, stripe_subscription_id, created_at, updated_at) VALUES ('local_1757634566064_fro6by4', 'test@example.com', '$2b$10$s5K2qt0ZIzLBdSN84m7Fren7Lxwsek4PEG3lap0/0kQ98TeXmCi/2', 'Test', 'User', NULL, 'user', NULL, NULL, '2025-09-11 23:49:26.115795', '2025-09-11 23:49:26.115795');
INSERT INTO users (id, email, password, first_name, last_name, profile_image_url, role, stripe_customer_id, stripe_subscription_id, created_at, updated_at) VALUES ('local_1757634595039_dtzmpfk', 'captain@test.com', '$2b$10$AHcHdanWhzQ7HLptg6gRsOrA..19EIEltpzQC.rw1Q9NL3xp1XvBq', 'Captain', 'Test', NULL, 'captain', NULL, NULL, '2025-09-11 23:49:55.091418', '2025-09-11 23:49:55.091418');
INSERT INTO users (id, email, password, first_name, last_name, profile_image_url, role, stripe_customer_id, stripe_subscription_id, created_at, updated_at) VALUES ('local_1757642514682_sldfx2m', 'test-captain@example.com', '$2b$10$wgxbD38KJTtB5PxkLNjQW.q/T/3qTBKENG05NoNDEXSUTwcSIUIQ6', 'Test', 'Captain', NULL, 'captain', NULL, NULL, '2025-09-12 02:01:54.736863', '2025-09-12 02:01:54.736863');
INSERT INTO users (id, email, password, first_name, last_name, profile_image_url, role, stripe_customer_id, stripe_subscription_id, created_at, updated_at) VALUES ('local_1757642548495_honl7hy', 'test-captain2@example.com', '$2b$10$AkCdBzK71gOqWzgxLO.n9OmBpBeSqd.9J8C/47O/y6WNqarp4ajPa', 'Test2', 'Captain2', NULL, 'captain', NULL, NULL, '2025-09-12 02:02:28.547426', '2025-09-12 02:02:28.547426');
INSERT INTO users (id, email, password, first_name, last_name, profile_image_url, role, stripe_customer_id, stripe_subscription_id, created_at, updated_at) VALUES ('local_1757642581657_ukhe3qw', 'test-captain3@example.com', '$2b$10$R/1NO76LR.DKLyy5SxPQuu8s3QadzYUbQHvKBZlbPhD9xHerxe0ye', 'Test3', 'Captain3', NULL, 'captain', NULL, NULL, '2025-09-12 02:03:01.708645', '2025-09-12 02:03:01.708645');
INSERT INTO users (id, email, password, first_name, last_name, profile_image_url, role, stripe_customer_id, stripe_subscription_id, created_at, updated_at) VALUES ('local_1757642600597_8kz65rz', 'test-user@example.com', '$2b$10$kUx0cV5grXc7mqOolzls7eP7tUqVP8RSqCcrbJkBvZYtYghhc9Bz.', 'Test', 'User', NULL, 'user', NULL, NULL, '2025-09-12 02:03:20.64986', '2025-09-12 02:03:20.64986');

-- 2. CAPTAINS (10 captains)
INSERT INTO captains (id, user_id, name, bio, experience, license_number, location, avatar, verified, rating, review_count) VALUES (11, 'captain_1757105080395_1', 'Captain Rodriguez', 'Experienced captain with over 15 years navigating Caribbean waters. Specialist in deep sea fishing and family tours.', '15 years of experience in sport fishing, family tours and diving excursions. Certified in maritime first aid.', 'CAP-2024-001', 'Miami, FL', '/attached_assets/image_1749589187411.png', true, 4.90, 147);
INSERT INTO captains (id, user_id, name, bio, experience, license_number, location, avatar, verified, rating, review_count) VALUES (12, 'captain_1757105080395_2', 'Captain Martinez', 'Professional fishing guide specializing in inshore and offshore adventures. Expert in Mahi, Tuna, and Marlin fishing.', '12 years guiding fishing expeditions in Florida Keys. Coast Guard licensed and insured.', 'CAP-2024-002', 'Key West, FL', '/attached_assets/image_1749589049214.png', true, 4.80, 98);
INSERT INTO captains (id, user_id, name, bio, experience, license_number, location, avatar, verified, rating, review_count) VALUES (13, 'captain_1757105080395_3', 'Captain Garcia', 'Sunset cruise specialist and fishing enthusiast. Perfect for romantic getaways and family adventures.', '8 years providing memorable ocean experiences. Specialized in sunset tours and reef fishing.', 'CAP-2024-003', 'Fort Lauderdale, FL', '/attached_assets/image_1749589265116.png', true, 4.70, 73);
INSERT INTO captains (id, user_id, name, bio, experience, license_number, location, avatar, verified, rating, review_count) VALUES (14, 'captain_1757105080395_4', 'Captain Lopez', 'Charter boat captain focused on big game fishing. Tournaments winner with multiple records.', '20+ years in sport fishing. Tournament champion and big game specialist.', 'CAP-2024-004', 'Naples, FL', '/attached_assets/image_1749589117238.png', true, 5.00, 156);
INSERT INTO captains (id, user_id, name, bio, experience, license_number, location, avatar, verified, rating, review_count) VALUES (16, 'local_1757634595039_dtzmpfk', 'Captain Test', '', '', '', '', NULL, false, 0.00, 0);
INSERT INTO captains (id, user_id, name, bio, experience, license_number, location, avatar, verified, rating, review_count) VALUES (17, 'captain_1757107047010_q9gj974xg', 'Carlos Martinez', '', '', '', '', NULL, false, 0.00, 0);
INSERT INTO captains (id, user_id, name, bio, experience, license_number, location, avatar, verified, rating, review_count) VALUES (18, 'local_1757363183634_26skdo0', 'cristopher baez', '', '', '', '', NULL, false, 0.00, 0);
INSERT INTO captains (id, user_id, name, bio, experience, license_number, location, avatar, verified, rating, review_count) VALUES (19, 'local_1757642548495_honl7hy', 'Test2 Captain2', '', '', '', '', NULL, false, 0.00, 0);
INSERT INTO captains (id, user_id, name, bio, experience, license_number, location, avatar, verified, rating, review_count) VALUES (20, 'local_1757642514682_sldfx2m', 'Test Captain', '', '', '', '', NULL, false, 0.00, 0);
INSERT INTO captains (id, user_id, name, bio, experience, license_number, location, avatar, verified, rating, review_count) VALUES (21, 'local_1757642581657_ukhe3qw', 'Test3 Captain3', '', '', '', '', NULL, false, 0.00, 0);

-- 3. CHARTERS (9 charters)
INSERT INTO charters (id, captain_id, title, description, location, lat, lng, target_species, duration, max_guests, price, boat_specs, included, images, available, is_listed) VALUES (17, 11, 'Deep Sea Mahi Adventure', 'Join us for an unforgettable deep sea fishing experience targeting Mahi-Mahi, Tuna, and other pelagic species. Our 35ft sport fishing boat is fully equipped with top-of-the-line gear.', 'Miami, FL', 25.7617000, -80.1918000, 'Mahi-Mahi, Tuna, Wahoo', '8 hours', 6, 850.00, '35ft Sport Fisher, Twin 350HP Engines, Full Electronics', 'All fishing gear, licenses, bait, ice, cleaning service', ARRAY['/attached_assets/image_1749589049214.png','/attached_assets/image_1749589117238.png'], true, true);
INSERT INTO charters (id, captain_id, title, description, location, lat, lng, target_species, duration, max_guests, price, boat_specs, included, images, available, is_listed) VALUES (18, 11, 'Half Day Reef Fishing', 'Perfect for families and beginners. Target Grouper, Snapper, and other reef fish in the beautiful waters off Miami.', 'Miami, FL', 25.7617000, -80.1918000, 'Grouper, Snapper, Amberjack', '4 hours', 8, 450.00, '35ft Sport Fisher, Comfortable seating, Shade', 'Fishing gear, licenses, bait, snacks, drinks', ARRAY['/attached_assets/image_1749589187411.png','/attached_assets/image_1749589265116.png'], true, true);
INSERT INTO charters (id, captain_id, title, description, location, lat, lng, target_species, duration, max_guests, price, boat_specs, included, images, available, is_listed) VALUES (19, 12, 'Sunset Reef Adventure', 'Experience the magic of Key West sunsets while fishing for Yellowtail Snapper and Grouper. Perfect for couples and small groups.', 'Key West, FL', 24.5551000, -81.7800000, 'Yellowtail, Grouper, Mutton Snapper', '4 hours', 4, 520.00, '28ft Center Console, Yamaha 300HP, GPS/Fishfinder', 'All tackle, licenses, bait, sunset drinks, photos', ARRAY['/attached_assets/image_1749589503390.png','/attached_assets/image_1749589520368.png'], true, true);
INSERT INTO charters (id, captain_id, title, description, location, lat, lng, target_species, duration, max_guests, price, boat_specs, included, images, available, is_listed) VALUES (20, 12, 'Tarpon Fishing Expedition', 'Chase the Silver King in the pristine waters around Key West. Seasonal availability for the ultimate fishing challenge.', 'Key West, FL', 24.5551000, -81.7800000, 'Tarpon, Permit, Bonefish', '6 hours', 3, 750.00, '24ft Flats Boat, Shallow draft, Poling platform', 'Fly fishing gear, spinning tackle, licenses, lunch', ARRAY['/attached_assets/image_1749589534565.png','/attached_assets/image_1749589548395.png'], true, true);
INSERT INTO charters (id, captain_id, title, description, location, lat, lng, target_species, duration, max_guests, price, boat_specs, included, images, available, is_listed) VALUES (21, 13, 'Family Friendly Fishing', 'Perfect charter for families with kids. Learn fishing basics while catching Snapper, Grouper and having fun on the water.', 'Fort Lauderdale, FL', 26.1224000, -80.1373000, 'Snapper, Grouper, Triggerfish', '4 hours', 6, 400.00, '32ft Family Cruiser, Bathroom, Shade, Safety gear', 'Kid-friendly gear, snacks, drinks, fish cleaning', ARRAY['/attached_assets/image_1749589560449.png','/attached_assets/image_1749589578771.png'], true, true);
INSERT INTO charters (id, captain_id, title, description, location, lat, lng, target_species, duration, max_guests, price, boat_specs, included, images, available, is_listed) VALUES (22, 13, 'Romantic Sunset Cruise', 'Intimate sunset cruise for couples. Includes champagne, appetizers, and the most beautiful sunset views in South Florida.', 'Fort Lauderdale, FL', 26.1224000, -80.1373000, 'Light fishing available', '3 hours', 2, 350.00, 'Luxury yacht, Premium amenities, Sound system', 'Champagne, appetizers, blankets, photography', ARRAY['/attached_assets/image_1749589593403.png','/attached_assets/image_1749589611134.png'], true, true);
INSERT INTO charters (id, captain_id, title, description, location, lat, lng, target_species, duration, max_guests, price, boat_specs, included, images, available, is_listed) VALUES (23, 14, 'Monster Marlin Hunt', 'Big game fishing at its finest. Target Blue and White Marlin, Sailfish, and other billfish in the deep waters off Naples.', 'Naples, FL', 26.1420000, -81.7948000, 'Blue Marlin, White Marlin, Sailfish', '10 hours', 4, 1200.00, '42ft Sportfisher, Tower, Outriggers, Fighting chairs', 'Premium tackle, lures, crew, lunch, drinks', ARRAY['/attached_assets/image_1749589681877.png','/attached_assets/image_1749589763057.png'], true, true);
INSERT INTO charters (id, captain_id, title, description, location, lat, lng, target_species, duration, max_guests, price, boat_specs, included, images, available, is_listed) VALUES (24, 14, 'Offshore Tuna Trolling', 'High-speed trolling for Yellowfin and Blackfin Tuna. Experience the thrill of big fish and open ocean fishing.', 'Naples, FL', 26.1420000, -81.7948000, 'Yellowfin Tuna, Blackfin Tuna, Wahoo', '8 hours', 6, 950.00, '38ft Express, Twin diesels, Full tower, Electronics', 'All gear, licenses, ice, fish processing', ARRAY['/attached_assets/image_1751311608507.png','/attached_assets/image_1749588943897.png'], true, true);
INSERT INTO charters (id, captain_id, title, description, location, lat, lng, target_species, duration, max_guests, price, boat_specs, included, images, available, is_listed) VALUES (25, 14, 'today charter ', 'abbsidfbawjknflaksdnflksajfnkajsdfkjdsabfkjasbdfkjbsdkjfbs', 'Key Largo', NULL, NULL, 'Sailfish', '4 hours', 6, 299.00, 'Flats Boat • Beginner', NULL, ARRAY[]::text[], true, true);

-- 4. BOOKINGS (6 bookings)
INSERT INTO bookings (id, user_id, charter_id, trip_date, guests, total_price, status, message, created_at) VALUES (9, 'user_1757105080395_1', 17, '2025-09-12 20:44:40.968', 4, 850.00, 'confirmed', 'Looking forward to the deep sea adventure! First time fishing for Mahi.', '2025-09-05 20:44:41.020816');
INSERT INTO bookings (id, user_id, charter_id, trip_date, guests, total_price, status, message, created_at) VALUES (10, 'user_1757105080395_2', 19, '2025-09-19 20:44:40.968', 2, 520.00, 'confirmed', 'Anniversary trip - hoping for a beautiful sunset!', '2025-09-05 20:44:41.020816');
INSERT INTO bookings (id, user_id, charter_id, trip_date, guests, total_price, status, message, created_at) VALUES (11, 'user_1757105080395_3', 21, '2025-09-26 20:44:40.968', 5, 400.00, 'cancelled', 'Family trip with 3 kids ages 8-14. They''re all excited!', '2025-09-05 20:44:41.020816');
INSERT INTO bookings (id, user_id, charter_id, trip_date, guests, total_price, status, message, created_at) VALUES (12, 'user_1757105080395_1', 23, '2025-10-05 20:44:40.968', 3, 1200.00, 'confirmed', 'Bucket list trip - hoping to catch my first marlin!', '2025-09-05 20:44:41.020816');
INSERT INTO bookings (id, user_id, charter_id, trip_date, guests, total_price, status, message, created_at) VALUES (13, 'user_1757105080395_3', 24, '2025-09-11 06:00:00', 5, 950.00, 'pending', '', '2025-09-08 22:26:24.148324');
INSERT INTO bookings (id, user_id, charter_id, trip_date, guests, total_price, status, message, created_at) VALUES (14, 'user_1757105080395_3', 18, '2025-09-19 06:00:00', 3, 450.00, 'cancelled', '', '2025-09-12 00:58:32.08624');

-- NOTA: Para importar en producción:
-- 1. Ejecutar estas consultas en el orden indicado (users primero, luego captains, charters, bookings)
-- 2. Ajustar los IDs si hay conflictos en producción
-- 3. Las imágenes referenciadas en /attached_assets/ deben existir en producción
-- 4. Asegurar que los serial sequences estén actualizados después de importar